correspondent_a,correspondent_b,relation
Florence Rena Sabin,Maude E. Abbott,Correspondence
Florence Rena Sabin,Dr. Louise Frazee,Letter of Reccomendation
Florence Rena Sabin,Dr. Ethel Mya Das,Women appearing in letters
Florence Rena Sabin,"J. Burns Amberson, Jr.",Correspondence
Florence Rena Sabin,Christianna Smith,Letter of Reccomendation
Florence Rena Sabin,Dr. Elizabaeth Reese Wilkens,Women appearing in letters
Florence Rena Sabin,J. Rudolph Anderson,Correspondence
Florence Rena Sabin,Dr. Persis Putnam,Letter of Reccomendation
Florence Rena Sabin,Dr. Ethel C. Dunham,Women appearing in letters
Florence Rena Sabin,Franz Boas,Correspondence
Florence Rena Sabin,Miss Dorothy Wiehl,Letter of Reccomendation
Florence Rena Sabin,Dorothy H. Anderson,Women appearing in letters
Florence Rena Sabin,Dr C. H. Boissevain,Correspondence
Florence Rena Sabin,Dorothea Schallert Fuller,Letter of Reccomendation
Florence Rena Sabin,Doctor Roxie Weber,Women appearing in letters
Florence Rena Sabin,Dr. Alfred E. Cohn,Correspondence
Florence Rena Sabin,Dr Lenna Meanes,Correspondence
Florence Rena Sabin,Dr. Anna Baetjer,Women appearing in letters
Florence Rena Sabin,Dr. H. J. Corper,Correspondence
Florence Rena Sabin,Miss Elizabeth Stewart,Letter of Reccomendation
Florence Rena Sabin,Miss Elizabeth Stewart,Women appearing in letters
Florence Rena Sabin,Dr. George Washington Corner,Correspondence
Florence Rena Sabin,Dr. Margaret Taylor Ross,Women appearing in letters
Florence Rena Sabin,Dr. W.E. Cotton,Correspondence
Florence Rena Sabin,Dr. E.V. Cowdry,Correspondence
Florence Rena Sabin,Dr. Elizabeth Bass,Women appearing in letters
Florence Rena Sabin,Dr. Robert S. Cunningham,Correspondence
Florence Rena Sabin,Helen Dean King,Women appearing in letters
Florence Rena Sabin,Dr. Charles Doan,Correspondence
Florence Rena Sabin,Florence Barbara Seibert,Women appearing in letters
Florence Rena Sabin,Dr. Hal Downey,Correspondence
Florence Rena Sabin,Frieda Baumann,Women appearing in letters
Florence Rena Sabin,Dr. Cecil K Drinker,Correspondence
Florence Rena Sabin,Dr. Rose F. Beals,Women appearing in letters
Florence Rena Sabin,Abraham Flexner,Correspondence
Florence Rena Sabin,Dr. Regina C. Beck,Women appearing in letters
Florence Rena Sabin,Simon Flexner,Correspondence
Florence Rena Sabin,Consuelo Vadillo,Women appearing in letters
Florence Rena Sabin,Dr. Alice Hamilton,Correspondence
Florence Rena Sabin,Dr. Gladys Dick,Women appearing in letters
Florence Rena Sabin,Donald R. Hooker,Correspondence
Florence Rena Sabin,Dr. Rebecca Lancefield,Women appearing in letters
Florence Rena Sabin,Dr. Franklin R. Miller,Correspondence
Florence Rena Sabin,Dr. Clara Lynch,Women appearing in letters
Florence Rena Sabin,Florence Barbara Seibert,Correspondence
Florence Rena Sabin,Dr. Louise Pierce,Women appearing in letters
Florence Rena Sabin,Virginia C. Gildersleeve,Correspondence
Florence Rena Sabin,Dr. Josephine Bicknell Neal,Women appearing in letters
Florence Rena Sabin,Dr. Foa,Women appearing in letters
Florence Rena Sabin,Dr. Bertha Van Hoosen,Women appearing in letters
Florence Rena Sabin,Dr. Kate Campbell Mead,Women appearing in letters
Florence Rena Sabin,Dr. Catherine Macfarlane,Women appearing in letters
Florence Rena Sabin,Dr. Martha Tracy,Women appearing in letters
Florence Rena Sabin,Dr. Esther Richards,Women appearing in letters
Florence Rena Sabin,Dr. Jessie L. King,Women appearing in letters
Florence Rena Sabin,Miss Mary Denton,Women appearing in letters
Florence Rena Sabin,Vera Danchakoff,Women appearing in letters
Florence Rena Sabin,Miss M. A. Nutting,Women appearing in letters
Florence Rena Sabin,Dr. Marion Hines,Women appearing in letters
Florence Rena Sabin,Dr. Sarah Tower,Women appearing in letters
Florence Rena Sabin,Nina Simmonds Estill,Women appearing in letters
Florence Rena Sabin,Dr. Marietta Blau,Women appearing in letters
Florence Rena Sabin,Agnes Pockels,Women appearing in letters
Florence Rena Sabin,Emmy Noether,Women appearing in letters
Florence Rena Sabin,Lisa Meitner,Women appearing in letters
Florence Rena Sabin,Madame Remar-Lucas,Women appearing in letters
Florence Rena Sabin,Dr. Christine Essenberg,Women appearing in letters
Florence Rena Sabin,Dr Hertha Spooner,Women appearing in letters
Florence Rena Sabin,Dr. Matilda Moldenhauer Brooks,Women appearing in letters
Florence Rena Sabin,Mrs. Hess,Women appearing in letters
Florence Rena Sabin,Mrs. Henry Breckenridge,Women appearing in letters
Florence Rena Sabin,Mrs Denison,Women appearing in letters
Florence Rena Sabin,"Laura Florence, PhD",Women appearing in letters
Florence Rena Sabin,Dr. Jean McNamara,Women appearing in letters
Florence Rena Sabin,Dr. Nora Archer Oxford,Women appearing in letters
Florence Rena Sabin,Dr. Virginia K. Frantz,Women appearing in letters
Florence Rena Sabin,Miss Adelaide Baylis,Women appearing in letters
Florence Rena Sabin,Dr. Ruby Hirose Sabin,Women appearing in letters
Florence Rena Sabin,Margaret Reed Lewis,Women appearing in letters
Florence Rena Sabin,Evelyn Man,Women appearing in letters
Florence Rena Sabin,Maud L. Menten,Women appearing in letters
Florence Rena Sabin,Dr Helen T. Woolley,Women appearing in letters
Florence Rena Sabin,Dorothy Wrinch,Women appearing in letters
Florence Rena Sabin,Madame Ramart-Lucas,Women appearing in letters
Florence Rena Sabin,Professor Johanna Westerdijk,Women appearing in letters
Florence Rena Sabin,Dr. Annie Porter Ellen,Women appearing in letters
Florence Rena Sabin,Dr. Anna Cannon,Women appearing in letters
Florence Rena Sabin,Dr. Jogteko,Women appearing in letters
Florence Rena Sabin,Norma LeVoque,Women appearing in letters
Florence Rena Sabin,Miss Caroline McGill,Women appearing in letters
Florence Rena Sabin,Minnie Reed,Women appearing in letters
Florence Rena Sabin,Miss Mary E. Pinney,Women appearing in letters
Florence Rena Sabin,Miss Caroline B. Thompson,Women appearing in letters
Florence Rena Sabin,Miss Rhoda Erdmann,Women appearing in letters
Florence Rena Sabin,Miss Florence Peebles,Women appearing in letters
Florence Rena Sabin,Gulli Lindh Muller,Women appearing in letters
Florence Rena Sabin,Janet McCarter,Women appearing in letters
Florence Rena Sabin,Dr. Mary Sherwood,Women appearing in letters
Florence Rena Sabin,Dorothy Anderson,Women appearing in letters
Florence Rena Sabin,Elaine Ralli,Women appearing in letters
Florence Rena Sabin,Dr Nelle S. Noble,Women appearing in letters
Florence Barbara Seibert,Lewis Affronti,Correspondence
Florence Barbara Seibert,Nina Choucroun,Letter of Reccomendation
Florence Barbara Seibert,Dr. Hilda Pope Willett,Women appearing in letters
Florence Barbara Seibert,Floyd M. Feldmann,Correspondence
Florence Barbara Seibert,Elizabeth Ehsleman Miller,Letter of Reccomendation
Florence Barbara Seibert,Mrs. Ellen Burtner Bevilacqua,Women appearing in letters
Florence Barbara Seibert,Jules Freund,Correspondence
Florence Barbara Seibert,Teresina Patino,Letter of Reccomendation
Florence Barbara Seibert,Dr. Ruth Breitwisser,Women appearing in letters
Florence Barbara Seibert,Luis M. Gonzales,Correspondence
Florence Barbara Seibert,Gail L. Miller,Letter of Reccomendation
Florence Barbara Seibert,Dr. Lydia Edwards,Women appearing in letters
Florence Barbara Seibert,Irene Diller,Correspondence
Florence Barbara Seibert,Marion Fay,Letter of Reccomendation
Florence Barbara Seibert,Charlotte C. Campbell,Women appearing in letters
Florence Barbara Seibert,Esmond R. Long,Correspondence
Florence Barbara Seibert,Nina Choucroun,Women appearing in letters
Florence Barbara Seibert,Lafayette B. Mendel,Correspondence
Florence Barbara Seibert,Phyllis Q. Edwards,Women appearing in letters
Florence Barbara Seibert,Carroll E. Palmer,Correspondence
Florence Barbara Seibert,Dr. Emily Emmart,Women appearing in letters
Florence Barbara Seibert,Florence Rena Sabin,Correspondence
Florence Barbara Seibert,Dr. Margaret Hotchkiss,Women appearing in letters
Florence Barbara Seibert,Arne Tiselius,Correspondence
Florence Barbara Seibert,Angelina Fabrizio,Women appearing in letters
Florence Barbara Seibert,Dennis W. Watson,Correspondence
Florence Barbara Seibert,Edith Lincoln,Women appearing in letters
Florence Barbara Seibert,J. W. Williams,Correspondence
Florence Barbara Seibert,Dr. Jessie L. King,Women appearing in letters
Florence Barbara Seibert,Dr Ruth E Gordon,Women appearing in letters
Florence Barbara Seibert,Dr. Dorothy H. Heilman,Women appearing in letters
Florence Barbara Seibert,Dr. Gladys Hobby,Women appearing in letters
Florence Barbara Seibert,Dr. Rosette Coidan,Women appearing in letters
Florence Barbara Seibert,Henrietta Lacks,Women appearing in letters
Florence Barbara Seibert,Virginia Livingston,Women appearing in letters
Florence Barbara Seibert,Oksana Lycakowakuj,Women appearing in letters
Florence Barbara Seibert,Chinyere Wogu,Women appearing in letters
Florence Barbara Seibert,Lucia J. Dunham,Women appearing in letters
Florence Barbara Seibert,Elizabeth Ehsleman Miller,Women appearing in letters
Florence Barbara Seibert,Libbie H. Hyman,Women appearing in letters
Florence Barbara Seibert,Cynthia Pierce-Chase,Women appearing in letters
Florence Barbara Seibert,Ruth Kundsin,Women appearing in letters
Florence Barbara Seibert,Eva Soto Figueroa Leake,Women appearing in letters
Florence Barbara Seibert,Eugenia Cardona Lynch,Women appearing in letters
Florence Barbara Seibert,Mary C. Pangborn,Women appearing in letters
Florence Barbara Seibert,Teresina Patino,Women appearing in letters
Florence Barbara Seibert,Mary L. Petermann,Women appearing in letters
Florence Barbara Seibert,Margaret Pittman,Women appearing in letters
Florence Barbara Seibert,Janet McCarter,Women appearing in letters
Barbara McClintock,William L. Brown,Correspondence
Barbara McClintock,Dr. Brenda Lowe,Letter of Reccomendation
Barbara McClintock,Mrs Buchanan,Women appearing in letters
Barbara McClintock,Almiro Blumenschein,Correspondence
Barbara McClintock,Lucille Shapiro,Letter of Reccomendation
Barbara McClintock,Maxine F. Singer,Women appearing in letters
Barbara McClintock,Benjamin Burr,Correspondence
Barbara McClintock,Virginia Walbot,Letter of Reccomendation
Barbara McClintock,Nina V. Fedoroff,Women appearing in letters
Barbara McClintock,T. Angel Kato Yamakake,Correspondence
Barbara McClintock,Evelyn Witkin,Letter of Reccomendation
Barbara McClintock,Vicki L. Chandler,Women appearing in letters
Barbara McClintock,Joshua Lederberg,Correspondence
Barbara McClintock,Wilma Hu,Women appearing in letters
Barbara McClintock,Oliver E. Nelson,Correspondence
Barbara McClintock,Nancy Kleckner,Women appearing in letters
Barbara McClintock,Kenneth Paigen,Correspondence
Barbara McClintock,Anita Klein,Women appearing in letters
Barbara McClintock,Peter A. Peterson,Correspondence
Barbara McClintock,Lovie Taylor,Women appearing in letters
Barbara McClintock,Marcus M. Rhoades,Correspondence
Barbara McClintock,Marcella McClure,Women appearing in letters
Barbara McClintock,Peter Starlinger,Correspondence
Barbara McClintock,Maria Luisa Martinez,Women appearing in letters
Barbara McClintock,James A. Shapiro,Correspondence
Barbara McClintock,Christine Mitchell,Women appearing in letters
Barbara McClintock,Evelyn Witkin,Women appearing in letters
Barbara McClintock,Lucille Shapiro,Women appearing in letters
Barbara McClintock,Nancy Shepherd,Women appearing in letters
Barbara McClintock,Susan R. Wessler,Women appearing in letters
Florence Rena Sabin,Franklin P. Mall,Mentors
Florence Rena Sabin,William Osler,Mentors
Florence Rena Sabin,Carrie B. Fuld,Mentors
Florence Barbara Seibert,Jessie E. Minor,Mentors
Florence Barbara Seibert,Esmond R. Long,Mentors
Florence Barbara Seibert,Theodor Svedberg,Mentors
Florence Barbara Seibert,H. Gideon Wells,Mentors
Barbara McClintock,Lester Sharp,Mentors
Florence Rena Sabin,Esmond R. Long,Correspondence
Janet Howell Clark,Dr. Persis Putnam,Letter of Reccomendation
Florence Rena Sabin,Janet Howell Clark,Correspondence
Janet Howell Clark,Miss Dorothy Wiehl,Letter of Reccomendation
Dr Lenna Meanes,Dr. Alice Hamilton,Letter of Reccomendation
Dr Lenna Meanes,Dr. Nina Simmonds,Letter of Reccomendation
Florence Rena Sabin,Dr. Alice Hamilton,Letter of Reccomendation
Florence Rena Sabin,Dr. Nina Simmonds,Letter of Reccomendation
Dr. Marion Hines,Dr. Sarah Tower,Mentors
Florence Rena Sabin,Albert Einstein,Correspondence
Albert Einstein,Dr. Marietta Blau,Letter of Reccomendation
Albert Einstein,Emmy Noether,Women appearing in letters
Esther Caukin Brannauer,Lisa Meitner,Women appearing in letters
Florence Rena Sabin,Esther Caukin Brannauer,Women appearing in letters
Abraham Flexner,Dr Hertha Spooner,Women appearing in letters
Florence Barbara Seibert,Mrs Franklin N. Daskam,Correspondence
Mrs Franklin N. Daskam,Marion Fay,Letter of Reccomendation
Dr. Margaret Hotchkiss,Angelina Fabrizio,Women appearing in letters
Irene Diller,Dr. Rosette Coidan,Women appearing in letters
Irene Diller,Henrietta Lacks,Women appearing in letters
Virginia Livingston,Irene Diller,Women appearing in letters
Lucia J. Dunham,Wilhelmina Dunning,Women appearing in letters
Lucia J. Dunham,Thelma B. Dunn,Women appearing in letters
Florence Barbara Seibert,Wilhelmina Dunning,Women appearing in letters
Florence Barbara Seibert,Thelma B. Dunn,Women appearing in letters
Elizabeth Ehsleman Miller,Eva Soto Figueroa Leake,Women appearing in letters
Elizabeth Ehsleman Miller,Mabel V. Seibert,Women appearing in letters
Elizabeth Ehsleman Miller,Mildred Meekins,Women appearing in letters
Elizabeth Ehsleman Miller,Mamie Cameron,Women appearing in letters
Elizabeth Ehsleman Miller,Ute Busemann,Women appearing in letters
Elizabeth Ehsleman Miller,Lois Freay,Women appearing in letters
Florence Barbara Seibert,Mabel V. Seibert,Women appearing in letters
Florence Barbara Seibert,Lois Freay,Women appearing in letters
Florence Barbara Seibert,Mildred Meekins,Women appearing in letters
Florence Barbara Seibert,Mamie Cameron,Women appearing in letters
Florence Barbara Seibert,Ute Busemann,Women appearing in letters
Eugenia Cardona Lynch,Eva Soto Figueroa Leake,Letter of Reccomendation